bus,Plant_type,Gen,isa_slack,Gov,Exc
124,plant_cb_v6,SM_2axis_cb_v6,false,gov_t1_cb_sauer__1_param,avr_t1_cb_sauer__1_param
150,plant_cb_v6,SM_2axis_cb_v6,false,gov_t1_cb_sauer__1_param,avr_t1_cb_sauer__1_param
221,plant_cb_v6,SM_2axis_cb_v6,false,gov_t1_cb_sauer__1_param,avr_t1_cb_sauer__1_param
338,plant_cb_v6,SM_2axis_cb_v6,false,gov_t1_cb_sauer__1_param,avr_t1_cb_sauer__1_param
352,plant_cb_v6,SM_2axis_cb_v6,false,gov_t1_cb_sauer__1_param,avr_t1_cb_sauer__1_param
413,plant_cb_v6,SM_2axis_cb_v6,false,gov_t1_cb_sauer__1_param,avr_t1_cb_sauer__1_param
453,plant_cb_v6,SM_2axis_cb_v6,false,gov_t1_cb_sauer__1_param,avr_t1_cb_sauer__1_param
516,plant_cb_v6,SM_2axis_cb_v6,false,gov_t1_cb_sauer__1_param,avr_t1_cb_sauer__1_param
564,plant_cb_v6,SM_2axis_cb_v6,false,gov_t1_cb_sauer__1_param,avr_t1_cb_sauer__1_param
583,plant_cb_v6,SM_2axis_cb_v6,false,gov_t1_cb_sauer__1_param,avr_t1_cb_sauer__1_param
615,plant_cb_v6,SM_2axis_cb_v6,false,gov_t1_cb_sauer__1_param,avr_t1_cb_sauer__1_param
616,plant_cb_v6,SM_2axis_cb_v6,false,gov_t1_cb_sauer__1_param,avr_t1_cb_sauer__1_param
639,plant_cb_v6,SM_2axis_cb_v6,false,gov_t1_cb_sauer__1_param,avr_t1_cb_sauer__1_param
682,plant_cb_v6,SM_2axis_cb_v6,false,gov_t1_cb_sauer__1_param,avr_t1_cb_sauer__1_param
749,plant_cb_v6,SM_2axis_cb_v6,false,gov_t1_cb_sauer__1_param,avr_t1_cb_sauer__1_param
757,plant_cb_v6,SM_2axis_cb_v6,false,gov_t1_cb_sauer__1_param,avr_t1_cb_sauer__1_param
776,plant_cb_v6,SM_2axis_cb_v6,false,gov_t1_cb_sauer__1_param,avr_t1_cb_sauer__1_param
778,plant_cb_v6,SM_2axis_cb_v6,false,gov_t1_cb_sauer__1_param,avr_t1_cb_sauer__1_param
795,plant_cb_v6,SM_2axis_cb_v6,false,gov_t1_cb_sauer__1_param,avr_t1_cb_sauer__1_param
803,plant_cb_v6,SM_2axis_cb_v6,false,gov_t1_cb_sauer__1_param,avr_t1_cb_sauer__1_param
823,plant_cb_v6,SM_2axis_cb_v6,false,gov_t1_cb_sauer__1_param,avr_t1_cb_sauer__1_param
851,plant_cb_v6,SM_2axis_cb_v6,false,gov_t1_cb_sauer__1_param,avr_t1_cb_sauer__1_param
858,plant_cb_v6,SM_2axis_cb_v6,false,gov_t1_cb_sauer__1_param,avr_t1_cb_sauer__1_param
891,plant_cb_v6,SM_2axis_cb_v6,false,gov_t1_cb_sauer__1_param,avr_t1_cb_sauer__1_param
972,plant_cb_v6,SM_2axis_cb_v6,false,gov_t1_cb_sauer__1_param,avr_t1_cb_sauer__1_param
1001,plant_cb_v6,SM_2axis_cb_v6,false,gov_t1_cb_sauer__1_param,avr_t1_cb_sauer__1_param
1002,plant_cb_v6,SM_2axis_cb_v6,false,gov_t1_cb_sauer__1_param,avr_t1_cb_sauer__1_param
1043,plant_cb_v6,SM_2axis_cb_v6,false,gov_t1_cb_sauer__1_param,avr_t1_cb_sauer__1_param
1083,plant_cb_v6,SM_2axis_cb_v6,false,gov_t1_cb_sauer__1_param,avr_t1_cb_sauer__1_param
1093,plant_cb_v6,SM_2axis_cb_v6,false,gov_t1_cb_sauer__1_param,avr_t1_cb_sauer__1_param
1100,plant_cb_v6,SM_2axis_cb_v6,false,gov_t1_cb_sauer__1_param,avr_t1_cb_sauer__1_param
1102,plant_cb_v6,SM_2axis_cb_v6,false,gov_t1_cb_sauer__1_param,avr_t1_cb_sauer__1_param
1237,plant_cb_v6,SM_2axis_cb_v6,false,gov_t1_cb_sauer__1_param,avr_t1_cb_sauer__1_param
1251,plant_cb_v6,SM_2axis_cb_v6,false,gov_t1_cb_sauer__1_param,avr_t1_cb_sauer__1_param
1295,plant_cb_v6,SM_2axis_cb_v6,false,gov_t1_cb_sauer__1_param,avr_t1_cb_sauer__1_param
1341,plant_cb_v6,SM_2axis_cb_v6,false,gov_t1_cb_sauer__1_param,avr_t1_cb_sauer__1_param
1354,plant_cb_v6,SM_2axis_cb_v6,false,gov_t1_cb_sauer__1_param,avr_t1_cb_sauer__1_param
1422,plant_cb_v6,SM_2axis_cb_v6,false,gov_t1_cb_sauer__1_param,avr_t1_cb_sauer__1_param
1436,plant_cb_v6,SM_2axis_cb_v6,false,gov_t1_cb_sauer__1_param,avr_t1_cb_sauer__1_param
1478,plant_cb_v6,SM_2axis_cb_v6,false,gov_t1_cb_sauer__1_param,avr_t1_cb_sauer__1_param
1604,plant_cb_v6,SM_2axis_cb_v6,false,gov_t1_cb_sauer__1_param,avr_t1_cb_sauer__1_param
1642,plant_cb_v6,SM_2axis_cb_v6,false,gov_t1_cb_sauer__1_param,avr_t1_cb_sauer__1_param
1680,plant_cb_v6,SM_2axis_cb_v6,false,gov_t1_cb_sauer__1_param,avr_t1_cb_sauer__1_param
1708,plant_cb_v6,SM_2axis_cb_v6,false,gov_t1_cb_sauer__1_param,avr_t1_cb_sauer__1_param
1721,plant_cb_v6,SM_2axis_cb_v6,false,gov_t1_cb_sauer__1_param,avr_t1_cb_sauer__1_param
1754,plant_cb_v6,SM_2axis_cb_v6,false,gov_t1_cb_sauer__1_param,avr_t1_cb_sauer__1_param
1794,plant_cb_v6,SM_2axis_cb_v6,false,gov_t1_cb_sauer__1_param,avr_t1_cb_sauer__1_param
1808,plant_cb_v6,SM_2axis_cb_v6,false,gov_t1_cb_sauer__1_param,avr_t1_cb_sauer__1_param
1851,plant_cb_v6,SM_2axis_cb_v6,false,gov_t1_cb_sauer__1_param,avr_t1_cb_sauer__1_param
1852,plant_cb_v6,SM_2axis_cb_v6,false,gov_t1_cb_sauer__1_param,avr_t1_cb_sauer__1_param
1888,plant_cb_v6,SM_2axis_cb_v6,false,gov_t1_cb_sauer__1_param,avr_t1_cb_sauer__1_param
1914,plant_cb_v6,SM_2axis_cb_v6,false,gov_t1_cb_sauer__1_param,avr_t1_cb_sauer__1_param
1959,plant_cb_v6,SM_2axis_cb_v6,false,gov_t1_cb_sauer__1_param,avr_t1_cb_sauer__1_param
2035,plant_cb_v6,SM_2axis_cb_v6,false,gov_t1_cb_sauer__1_param,avr_t1_cb_sauer__1_param
2050,plant_cb_v6,SM_2axis_cb_v6,false,gov_t1_cb_sauer__1_param,avr_t1_cb_sauer__1_param
2085,plant_cb_v6,SM_2axis_cb_v6,false,gov_t1_cb_sauer__1_param,avr_t1_cb_sauer__1_param
2177,plant_cb_v6,SM_2axis_cb_v6,false,gov_t1_cb_sauer__1_param,avr_t1_cb_sauer__1_param
2197,plant_cb_v6,SM_2axis_cb_v6,false,gov_t1_cb_sauer__1_param,avr_t1_cb_sauer__1_param
2276,plant_cb_v6,SM_2axis_cb_v6,false,gov_t1_cb_sauer__1_param,avr_t1_cb_sauer__1_param
2291,plant_cb_v6,SM_2axis_cb_v6,false,gov_t1_cb_sauer__1_param,avr_t1_cb_sauer__1_param
2359,plant_cb_v6,SM_2axis_cb_v6,false,gov_t1_cb_sauer__1_param,avr_t1_cb_sauer__1_param
2421,plant_cb_v6,SM_2axis_cb_v6,false,gov_t1_cb_sauer__1_param,avr_t1_cb_sauer__1_param
2425,plant_cb_v6,SM_2axis_cb_v6,false,gov_t1_cb_sauer__1_param,avr_t1_cb_sauer__1_param
2426,plant_cb_v6,SM_2axis_cb_v6,false,gov_t1_cb_sauer__1_param,avr_t1_cb_sauer__1_param
2446,plant_cb_v6,SM_2axis_cb_v6,false,gov_t1_cb_sauer__1_param,avr_t1_cb_sauer__1_param
2468,plant_cb_v6,SM_2axis_cb_v6,false,gov_t1_cb_sauer__1_param,avr_t1_cb_sauer__1_param
2481,plant_cb_v6,SM_2axis_cb_v6,false,gov_t1_cb_sauer__1_param,avr_t1_cb_sauer__1_param
2489,plant_cb_v6,SM_2axis_cb_v6,false,gov_t1_cb_sauer__1_param,avr_t1_cb_sauer__1_param
2550,plant_cb_v6,SM_2axis_cb_v6,false,gov_t1_cb_sauer__1_param,avr_t1_cb_sauer__1_param
2600,plant_cb_v6,SM_2axis_cb_v6,false,gov_t1_cb_sauer__1_param,avr_t1_cb_sauer__1_param
2627,plant_cb_v6,SM_2axis_cb_v6,false,gov_t1_cb_sauer__1_param,avr_t1_cb_sauer__1_param
2653,plant_cb_v6,SM_2axis_cb_v6,false,gov_t1_cb_sauer__1_param,avr_t1_cb_sauer__1_param
2719,plant_cb_v6,SM_2axis_cb_v6,false,gov_t1_cb_sauer__1_param,avr_t1_cb_sauer__1_param
2786,plant_cb_v6,SM_2axis_cb_v6,false,gov_t1_cb_sauer__1_param,avr_t1_cb_sauer__1_param
2797,plant_cb_v6,SM_2axis_cb_v6,false,gov_t1_cb_sauer__1_param,avr_t1_cb_sauer__1_param
2799,plant_cb_v6,SM_2axis_cb_v6,false,gov_t1_cb_sauer__1_param,avr_t1_cb_sauer__1_param
2816,plant_cb_v6,SM_2axis_cb_v6,false,gov_t1_cb_sauer__1_param,avr_t1_cb_sauer__1_param
2841,plant_cb_v6,SM_2axis_cb_v6,false,gov_t1_cb_sauer__1_param,avr_t1_cb_sauer__1_param
2842,plant_cb_v6,SM_2axis_cb_v6,false,gov_t1_cb_sauer__1_param,avr_t1_cb_sauer__1_param
2872,plant_cb_v6,SM_2axis_cb_v6,false,gov_t1_cb_sauer__1_param,avr_t1_cb_sauer__1_param
2878,plant_cb_v6,SM_2axis_cb_v6,false,gov_t1_cb_sauer__1_param,avr_t1_cb_sauer__1_param
2886,plant_cb_v6,SM_2axis_cb_v6,false,gov_t1_cb_sauer__1_param,avr_t1_cb_sauer__1_param
2902,plant_cb_v6,SM_2axis_cb_v6,false,gov_t1_cb_sauer__1_param,avr_t1_cb_sauer__1_param
2930,plant_cb_v6,SM_2axis_cb_v6,false,gov_t1_cb_sauer__1_param,avr_t1_cb_sauer__1_param
2934,plant_cb_v6,SM_2axis_cb_v6,false,gov_t1_cb_sauer__1_param,avr_t1_cb_sauer__1_param
2985,plant_cb_v6,SM_2axis_cb_v6,false,gov_t1_cb_sauer__1_param,avr_t1_cb_sauer__1_param
3018,plant_cb_v6,SM_2axis_cb_v6,false,gov_t1_cb_sauer__1_param,avr_t1_cb_sauer__1_param
3028,plant_cb_v6,SM_2axis_cb_v6,false,gov_t1_cb_sauer__1_param,avr_t1_cb_sauer__1_param
3114,plant_cb_v6,SM_2axis_cb_v6,false,gov_t1_cb_sauer__1_param,avr_t1_cb_sauer__1_param
3133,plant_cb_v6,SM_2axis_cb_v6,false,gov_t1_cb_sauer__1_param,avr_t1_cb_sauer__1_param
3134,plant_cb_v6,SM_2axis_cb_v6,false,gov_t1_cb_sauer__1_param,avr_t1_cb_sauer__1_param
3183,plant_cb_v6,SM_2axis_cb_v6,false,gov_t1_cb_sauer__1_param,avr_t1_cb_sauer__1_param
3205,plant_cb_v6,SM_2axis_cb_v6,false,gov_t1_cb_sauer__1_param,avr_t1_cb_sauer__1_param
3218,plant_cb_v6,SM_2axis_cb_v6,false,gov_t1_cb_sauer__1_param,avr_t1_cb_sauer__1_param
3240,plant_cb_v6,SM_2axis_cb_v6,false,gov_t1_cb_sauer__1_param,avr_t1_cb_sauer__1_param
3306,plant_cb_v6,SM_2axis_cb_v6,false,gov_t1_cb_sauer__1_param,avr_t1_cb_sauer__1_param
3324,plant_cb_v6,SM_2axis_cb_v6,false,gov_t1_cb_sauer__1_param,avr_t1_cb_sauer__1_param
3346,plant_cb_v6,SM_2axis_cb_v6,false,gov_t1_cb_sauer__1_param,avr_t1_cb_sauer__1_param
3353,plant_cb_v6,SM_2axis_cb_v6,false,gov_t1_cb_sauer__1_param,avr_t1_cb_sauer__1_param
3364,plant_cb_v6,SM_2axis_cb_v6,false,gov_t1_cb_sauer__1_param,avr_t1_cb_sauer__1_param
3390,plant_cb_v6,SM_2axis_cb_v6,false,gov_t1_cb_sauer__1_param,avr_t1_cb_sauer__1_param
3422,plant_cb_v6,SM_2axis_cb_v6,false,gov_t1_cb_sauer__1_param,avr_t1_cb_sauer__1_param
3436,plant_cb_v6,SM_2axis_cb_v6,false,gov_t1_cb_sauer__1_param,avr_t1_cb_sauer__1_param
3492,plant_cb_v6,SM_2axis_cb_v6,false,gov_t1_cb_sauer__1_param,avr_t1_cb_sauer__1_param
3513,plant_cb_v6,SM_2axis_cb_v6,false,gov_t1_cb_sauer__1_param,avr_t1_cb_sauer__1_param
3565,plant_cb_v6,SM_2axis_cb_v6,false,gov_t1_cb_sauer__1_param,avr_t1_cb_sauer__1_param
3580,plant_cb_v6,SM_2axis_cb_v6,false,gov_t1_cb_sauer__1_param,avr_t1_cb_sauer__1_param
3611,plant_cb_v6,SM_2axis_cb_v6,false,gov_t1_cb_sauer__1_param,avr_t1_cb_sauer__1_param
3656,plant_cb_v6,SM_2axis_cb_v6,false,gov_t1_cb_sauer__1_param,avr_t1_cb_sauer__1_param
3661,plant_cb_v6,SM_2axis_cb_v6,false,gov_t1_cb_sauer__1_param,avr_t1_cb_sauer__1_param
3698,plant_cb_v6,SM_2axis_cb_v6,false,gov_t1_cb_sauer__1_param,avr_t1_cb_sauer__1_param
3741,plant_cb_v6,SM_2axis_cb_v6,false,gov_t1_cb_sauer__1_param,avr_t1_cb_sauer__1_param
3809,plant_cb_v6,SM_2axis_cb_v6,false,gov_t1_cb_sauer__1_param,avr_t1_cb_sauer__1_param
3825,plant_cb_v6,SM_2axis_cb_v6,false,gov_t1_cb_sauer__1_param,avr_t1_cb_sauer__1_param
3869,plant_cb_v6,SM_2axis_cb_v6,false,gov_t1_cb_sauer__1_param,avr_t1_cb_sauer__1_param
3876,plant_cb_v6,SM_2axis_cb_v6,false,gov_t1_cb_sauer__1_param,avr_t1_cb_sauer__1_param
3916,plant_cb_v6,SM_2axis_cb_v6,false,gov_t1_cb_sauer__1_param,avr_t1_cb_sauer__1_param
3951,plant_cb_v6,SM_2axis_cb_v6,false,gov_t1_cb_sauer__1_param,avr_t1_cb_sauer__1_param
3971,plant_cb_v6,SM_2axis_cb_v6,false,gov_t1_cb_sauer__1_param,avr_t1_cb_sauer__1_param
4024,plant_cb_v6,SM_2axis_cb_v6,false,gov_t1_cb_sauer__1_param,avr_t1_cb_sauer__1_param
4056,plant_cb_v6,SM_2axis_cb_v6,false,gov_t1_cb_sauer__1_param,avr_t1_cb_sauer__1_param
4084,plant_cb_v6,SM_2axis_cb_v6,false,gov_t1_cb_sauer__1_param,avr_t1_cb_sauer__1_param
4118,plant_cb_v6,SM_2axis_cb_v6,false,gov_t1_cb_sauer__1_param,avr_t1_cb_sauer__1_param
4125,plant_cb_v6,SM_2axis_cb_v6,false,gov_t1_cb_sauer__1_param,avr_t1_cb_sauer__1_param
4128,plant_cb_v6,SM_2axis_cb_v6,false,gov_t1_cb_sauer__1_param,avr_t1_cb_sauer__1_param
4231,plant_cb_v6,SM_2axis_cb_v6,true,gov_t1_cb_sauer__1_param,avr_t1_cb_sauer__1_param
4331,plant_cb_v6,SM_2axis_cb_v6,false,gov_t1_cb_sauer__1_param,avr_t1_cb_sauer__1_param
4395,plant_cb_v6,SM_2axis_cb_v6,false,gov_t1_cb_sauer__1_param,avr_t1_cb_sauer__1_param
4419,plant_cb_v6,SM_2axis_cb_v6,false,gov_t1_cb_sauer__1_param,avr_t1_cb_sauer__1_param
4480,plant_cb_v6,SM_2axis_cb_v6,false,gov_t1_cb_sauer__1_param,avr_t1_cb_sauer__1_param
4482,plant_cb_v6,SM_2axis_cb_v6,false,gov_t1_cb_sauer__1_param,avr_t1_cb_sauer__1_param
4506,plant_cb_v6,SM_2axis_cb_v6,false,gov_t1_cb_sauer__1_param,avr_t1_cb_sauer__1_param
4566,plant_cb_v6,SM_2axis_cb_v6,false,gov_t1_cb_sauer__1_param,avr_t1_cb_sauer__1_param
4624,plant_cb_v6,SM_2axis_cb_v6,false,gov_t1_cb_sauer__1_param,avr_t1_cb_sauer__1_param
4661,plant_cb_v6,SM_2axis_cb_v6,false,gov_t1_cb_sauer__1_param,avr_t1_cb_sauer__1_param
4701,plant_cb_v6,SM_2axis_cb_v6,false,gov_t1_cb_sauer__1_param,avr_t1_cb_sauer__1_param
4783,plant_cb_v6,SM_2axis_cb_v6,false,gov_t1_cb_sauer__1_param,avr_t1_cb_sauer__1_param
4816,plant_cb_v6,SM_2axis_cb_v6,false,gov_t1_cb_sauer__1_param,avr_t1_cb_sauer__1_param
4819,plant_cb_v6,SM_2axis_cb_v6,false,gov_t1_cb_sauer__1_param,avr_t1_cb_sauer__1_param
4823,plant_cb_v6,SM_2axis_cb_v6,false,gov_t1_cb_sauer__1_param,avr_t1_cb_sauer__1_param
4850,plant_cb_v6,SM_2axis_cb_v6,false,gov_t1_cb_sauer__1_param,avr_t1_cb_sauer__1_param
4880,plant_cb_v6,SM_2axis_cb_v6,false,gov_t1_cb_sauer__1_param,avr_t1_cb_sauer__1_param
4918,plant_cb_v6,SM_2axis_cb_v6,false,gov_t1_cb_sauer__1_param,avr_t1_cb_sauer__1_param
4952,plant_cb_v6,SM_2axis_cb_v6,false,gov_t1_cb_sauer__1_param,avr_t1_cb_sauer__1_param
5004,plant_cb_v6,SM_2axis_cb_v6,false,gov_t1_cb_sauer__1_param,avr_t1_cb_sauer__1_param
5019,plant_cb_v6,SM_2axis_cb_v6,false,gov_t1_cb_sauer__1_param,avr_t1_cb_sauer__1_param
5051,plant_cb_v6,SM_2axis_cb_v6,false,gov_t1_cb_sauer__1_param,avr_t1_cb_sauer__1_param
5067,plant_cb_v6,SM_2axis_cb_v6,false,gov_t1_cb_sauer__1_param,avr_t1_cb_sauer__1_param
5110,plant_cb_v6,SM_2axis_cb_v6,false,gov_t1_cb_sauer__1_param,avr_t1_cb_sauer__1_param
5120,plant_cb_v6,SM_2axis_cb_v6,false,gov_t1_cb_sauer__1_param,avr_t1_cb_sauer__1_param
5144,plant_cb_v6,SM_2axis_cb_v6,false,gov_t1_cb_sauer__1_param,avr_t1_cb_sauer__1_param
5237,plant_cb_v6,SM_2axis_cb_v6,false,gov_t1_cb_sauer__1_param,avr_t1_cb_sauer__1_param
5278,plant_cb_v6,SM_2axis_cb_v6,false,gov_t1_cb_sauer__1_param,avr_t1_cb_sauer__1_param
5340,plant_cb_v6,SM_2axis_cb_v6,false,gov_t1_cb_sauer__1_param,avr_t1_cb_sauer__1_param
5365,plant_cb_v6,SM_2axis_cb_v6,false,gov_t1_cb_sauer__1_param,avr_t1_cb_sauer__1_param
5379,plant_cb_v6,SM_2axis_cb_v6,false,gov_t1_cb_sauer__1_param,avr_t1_cb_sauer__1_param
5395,plant_cb_v6,SM_2axis_cb_v6,false,gov_t1_cb_sauer__1_param,avr_t1_cb_sauer__1_param
5461,plant_cb_v6,SM_2axis_cb_v6,false,gov_t1_cb_sauer__1_param,avr_t1_cb_sauer__1_param
5481,plant_cb_v6,SM_2axis_cb_v6,false,gov_t1_cb_sauer__1_param,avr_t1_cb_sauer__1_param
5482,plant_cb_v6,SM_2axis_cb_v6,false,gov_t1_cb_sauer__1_param,avr_t1_cb_sauer__1_param
5486,plant_cb_v6,SM_2axis_cb_v6,false,gov_t1_cb_sauer__1_param,avr_t1_cb_sauer__1_param
5488,plant_cb_v6,SM_2axis_cb_v6,false,gov_t1_cb_sauer__1_param,avr_t1_cb_sauer__1_param
5490,plant_cb_v6,SM_2axis_cb_v6,false,gov_t1_cb_sauer__1_param,avr_t1_cb_sauer__1_param
5533,plant_cb_v6,SM_2axis_cb_v6,false,gov_t1_cb_sauer__1_param,avr_t1_cb_sauer__1_param
5546,plant_cb_v6,SM_2axis_cb_v6,false,gov_t1_cb_sauer__1_param,avr_t1_cb_sauer__1_param
5564,plant_cb_v6,SM_2axis_cb_v6,false,gov_t1_cb_sauer__1_param,avr_t1_cb_sauer__1_param
5658,plant_cb_v6,SM_2axis_cb_v6,false,gov_t1_cb_sauer__1_param,avr_t1_cb_sauer__1_param
5664,plant_cb_v6,SM_2axis_cb_v6,false,gov_t1_cb_sauer__1_param,avr_t1_cb_sauer__1_param
5709,plant_cb_v6,SM_2axis_cb_v6,false,gov_t1_cb_sauer__1_param,avr_t1_cb_sauer__1_param
5781,plant_cb_v6,SM_2axis_cb_v6,false,gov_t1_cb_sauer__1_param,avr_t1_cb_sauer__1_param
5814,plant_cb_v6,SM_2axis_cb_v6,false,gov_t1_cb_sauer__1_param,avr_t1_cb_sauer__1_param
5856,plant_cb_v6,SM_2axis_cb_v6,false,gov_t1_cb_sauer__1_param,avr_t1_cb_sauer__1_param
5881,plant_cb_v6,SM_2axis_cb_v6,false,gov_t1_cb_sauer__1_param,avr_t1_cb_sauer__1_param
5940,plant_cb_v6,SM_2axis_cb_v6,false,gov_t1_cb_sauer__1_param,avr_t1_cb_sauer__1_param
5971,plant_cb_v6,SM_2axis_cb_v6,false,gov_t1_cb_sauer__1_param,avr_t1_cb_sauer__1_param
5983,plant_cb_v6,SM_2axis_cb_v6,false,gov_t1_cb_sauer__1_param,avr_t1_cb_sauer__1_param
5994,plant_cb_v6,SM_2axis_cb_v6,false,gov_t1_cb_sauer__1_param,avr_t1_cb_sauer__1_param
6036,plant_cb_v6,SM_2axis_cb_v6,false,gov_t1_cb_sauer__1_param,avr_t1_cb_sauer__1_param
6153,plant_cb_v6,SM_2axis_cb_v6,false,gov_t1_cb_sauer__1_param,avr_t1_cb_sauer__1_param
6168,plant_cb_v6,SM_2axis_cb_v6,false,gov_t1_cb_sauer__1_param,avr_t1_cb_sauer__1_param
6291,plant_cb_v6,SM_2axis_cb_v6,false,gov_t1_cb_sauer__1_param,avr_t1_cb_sauer__1_param
6331,plant_cb_v6,SM_2axis_cb_v6,false,gov_t1_cb_sauer__1_param,avr_t1_cb_sauer__1_param
6332,plant_cb_v6,SM_2axis_cb_v6,false,gov_t1_cb_sauer__1_param,avr_t1_cb_sauer__1_param
6351,plant_cb_v6,SM_2axis_cb_v6,false,gov_t1_cb_sauer__1_param,avr_t1_cb_sauer__1_param
6368,plant_cb_v6,SM_2axis_cb_v6,false,gov_t1_cb_sauer__1_param,avr_t1_cb_sauer__1_param
6376,plant_cb_v6,SM_2axis_cb_v6,false,gov_t1_cb_sauer__1_param,avr_t1_cb_sauer__1_param
6429,plant_cb_v6,SM_2axis_cb_v6,false,gov_t1_cb_sauer__1_param,avr_t1_cb_sauer__1_param
6474,plant_cb_v6,SM_2axis_cb_v6,false,gov_t1_cb_sauer__1_param,avr_t1_cb_sauer__1_param
6516,plant_cb_v6,SM_2axis_cb_v6,false,gov_t1_cb_sauer__1_param,avr_t1_cb_sauer__1_param
6552,plant_cb_v6,SM_2axis_cb_v6,false,gov_t1_cb_sauer__1_param,avr_t1_cb_sauer__1_param
6734,plant_cb_v6,SM_2axis_cb_v6,false,gov_t1_cb_sauer__1_param,avr_t1_cb_sauer__1_param
6807,plant_cb_v6,SM_2axis_cb_v6,false,gov_t1_cb_sauer__1_param,avr_t1_cb_sauer__1_param
6816,plant_cb_v6,SM_2axis_cb_v6,false,gov_t1_cb_sauer__1_param,avr_t1_cb_sauer__1_param
6820,plant_cb_v6,SM_2axis_cb_v6,false,gov_t1_cb_sauer__1_param,avr_t1_cb_sauer__1_param
6831,plant_cb_v6,SM_2axis_cb_v6,false,gov_t1_cb_sauer__1_param,avr_t1_cb_sauer__1_param
6845,plant_cb_v6,SM_2axis_cb_v6,false,gov_t1_cb_sauer__1_param,avr_t1_cb_sauer__1_param
6852,plant_cb_v6,SM_2axis_cb_v6,false,gov_t1_cb_sauer__1_param,avr_t1_cb_sauer__1_param
6857,plant_cb_v6,SM_2axis_cb_v6,false,gov_t1_cb_sauer__1_param,avr_t1_cb_sauer__1_param
6888,plant_cb_v6,SM_2axis_cb_v6,false,gov_t1_cb_sauer__1_param,avr_t1_cb_sauer__1_param
6947,plant_cb_v6,SM_2axis_cb_v6,false,gov_t1_cb_sauer__1_param,avr_t1_cb_sauer__1_param
6969,plant_cb_v6,SM_2axis_cb_v6,false,gov_t1_cb_sauer__1_param,avr_t1_cb_sauer__1_param
6982,plant_cb_v6,SM_2axis_cb_v6,false,gov_t1_cb_sauer__1_param,avr_t1_cb_sauer__1_param
7036,plant_cb_v6,SM_2axis_cb_v6,false,gov_t1_cb_sauer__1_param,avr_t1_cb_sauer__1_param
7049,plant_cb_v6,SM_2axis_cb_v6,false,gov_t1_cb_sauer__1_param,avr_t1_cb_sauer__1_param
7056,plant_cb_v6,SM_2axis_cb_v6,false,gov_t1_cb_sauer__1_param,avr_t1_cb_sauer__1_param
7115,plant_cb_v6,SM_2axis_cb_v6,false,gov_t1_cb_sauer__1_param,avr_t1_cb_sauer__1_param
7159,plant_cb_v6,SM_2axis_cb_v6,false,gov_t1_cb_sauer__1_param,avr_t1_cb_sauer__1_param
7183,plant_cb_v6,SM_2axis_cb_v6,false,gov_t1_cb_sauer__1_param,avr_t1_cb_sauer__1_param
7209,plant_cb_v6,SM_2axis_cb_v6,false,gov_t1_cb_sauer__1_param,avr_t1_cb_sauer__1_param
7267,plant_cb_v6,SM_2axis_cb_v6,false,gov_t1_cb_sauer__1_param,avr_t1_cb_sauer__1_param
7282,plant_cb_v6,SM_2axis_cb_v6,false,gov_t1_cb_sauer__1_param,avr_t1_cb_sauer__1_param
7327,plant_cb_v6,SM_2axis_cb_v6,false,gov_t1_cb_sauer__1_param,avr_t1_cb_sauer__1_param
7328,plant_cb_v6,SM_2axis_cb_v6,false,gov_t1_cb_sauer__1_param,avr_t1_cb_sauer__1_param
7466,plant_cb_v6,SM_2axis_cb_v6,false,gov_t1_cb_sauer__1_param,avr_t1_cb_sauer__1_param
7474,plant_cb_v6,SM_2axis_cb_v6,false,gov_t1_cb_sauer__1_param,avr_t1_cb_sauer__1_param
7495,plant_cb_v6,SM_2axis_cb_v6,false,gov_t1_cb_sauer__1_param,avr_t1_cb_sauer__1_param
7520,plant_cb_v6,SM_2axis_cb_v6,false,gov_t1_cb_sauer__1_param,avr_t1_cb_sauer__1_param
7522,plant_cb_v6,SM_2axis_cb_v6,false,gov_t1_cb_sauer__1_param,avr_t1_cb_sauer__1_param
7641,plant_cb_v6,SM_2axis_cb_v6,false,gov_t1_cb_sauer__1_param,avr_t1_cb_sauer__1_param
7697,plant_cb_v6,SM_2axis_cb_v6,false,gov_t1_cb_sauer__1_param,avr_t1_cb_sauer__1_param
7776,plant_cb_v6,SM_2axis_cb_v6,false,gov_t1_cb_sauer__1_param,avr_t1_cb_sauer__1_param
7808,plant_cb_v6,SM_2axis_cb_v6,false,gov_t1_cb_sauer__1_param,avr_t1_cb_sauer__1_param
7842,plant_cb_v6,SM_2axis_cb_v6,false,gov_t1_cb_sauer__1_param,avr_t1_cb_sauer__1_param
7913,plant_cb_v6,SM_2axis_cb_v6,false,gov_t1_cb_sauer__1_param,avr_t1_cb_sauer__1_param
7998,plant_cb_v6,SM_2axis_cb_v6,false,gov_t1_cb_sauer__1_param,avr_t1_cb_sauer__1_param
8043,plant_cb_v6,SM_2axis_cb_v6,false,gov_t1_cb_sauer__1_param,avr_t1_cb_sauer__1_param
8109,plant_cb_v6,SM_2axis_cb_v6,false,gov_t1_cb_sauer__1_param,avr_t1_cb_sauer__1_param
8158,plant_cb_v6,SM_2axis_cb_v6,false,gov_t1_cb_sauer__1_param,avr_t1_cb_sauer__1_param
8222,plant_cb_v6,SM_2axis_cb_v6,false,gov_t1_cb_sauer__1_param,avr_t1_cb_sauer__1_param
8225,plant_cb_v6,SM_2axis_cb_v6,false,gov_t1_cb_sauer__1_param,avr_t1_cb_sauer__1_param
8267,plant_cb_v6,SM_2axis_cb_v6,false,gov_t1_cb_sauer__1_param,avr_t1_cb_sauer__1_param
8311,plant_cb_v6,SM_2axis_cb_v6,false,gov_t1_cb_sauer__1_param,avr_t1_cb_sauer__1_param
8312,plant_cb_v6,SM_2axis_cb_v6,false,gov_t1_cb_sauer__1_param,avr_t1_cb_sauer__1_param
8458,plant_cb_v6,SM_2axis_cb_v6,false,gov_t1_cb_sauer__1_param,avr_t1_cb_sauer__1_param
8473,plant_cb_v6,SM_2axis_cb_v6,false,gov_t1_cb_sauer__1_param,avr_t1_cb_sauer__1_param
8486,plant_cb_v6,SM_2axis_cb_v6,false,gov_t1_cb_sauer__1_param,avr_t1_cb_sauer__1_param
8515,plant_cb_v6,SM_2axis_cb_v6,false,gov_t1_cb_sauer__1_param,avr_t1_cb_sauer__1_param
8522,plant_cb_v6,SM_2axis_cb_v6,false,gov_t1_cb_sauer__1_param,avr_t1_cb_sauer__1_param
8564,plant_cb_v6,SM_2axis_cb_v6,false,gov_t1_cb_sauer__1_param,avr_t1_cb_sauer__1_param
8670,plant_cb_v6,SM_2axis_cb_v6,false,gov_t1_cb_sauer__1_param,avr_t1_cb_sauer__1_param
8676,plant_cb_v6,SM_2axis_cb_v6,false,gov_t1_cb_sauer__1_param,avr_t1_cb_sauer__1_param
8683,plant_cb_v6,SM_2axis_cb_v6,false,gov_t1_cb_sauer__1_param,avr_t1_cb_sauer__1_param
8721,plant_cb_v6,SM_2axis_cb_v6,false,gov_t1_cb_sauer__1_param,avr_t1_cb_sauer__1_param
8795,plant_cb_v6,SM_2axis_cb_v6,false,gov_t1_cb_sauer__1_param,avr_t1_cb_sauer__1_param
8807,plant_cb_v6,SM_2axis_cb_v6,false,gov_t1_cb_sauer__1_param,avr_t1_cb_sauer__1_param
8818,plant_cb_v6,SM_2axis_cb_v6,false,gov_t1_cb_sauer__1_param,avr_t1_cb_sauer__1_param
8872,plant_cb_v6,SM_2axis_cb_v6,false,gov_t1_cb_sauer__1_param,avr_t1_cb_sauer__1_param
8903,plant_cb_v6,SM_2axis_cb_v6,false,gov_t1_cb_sauer__1_param,avr_t1_cb_sauer__1_param
8950,plant_cb_v6,SM_2axis_cb_v6,false,gov_t1_cb_sauer__1_param,avr_t1_cb_sauer__1_param
8961,plant_cb_v6,SM_2axis_cb_v6,false,gov_t1_cb_sauer__1_param,avr_t1_cb_sauer__1_param
8976,plant_cb_v6,SM_2axis_cb_v6,false,gov_t1_cb_sauer__1_param,avr_t1_cb_sauer__1_param
8997,plant_cb_v6,SM_2axis_cb_v6,false,gov_t1_cb_sauer__1_param,avr_t1_cb_sauer__1_param
9067,plant_cb_v6,SM_2axis_cb_v6,false,gov_t1_cb_sauer__1_param,avr_t1_cb_sauer__1_param
9101,plant_cb_v6,SM_2axis_cb_v6,false,gov_t1_cb_sauer__1_param,avr_t1_cb_sauer__1_param
9108,plant_cb_v6,SM_2axis_cb_v6,false,gov_t1_cb_sauer__1_param,avr_t1_cb_sauer__1_param
9137,plant_cb_v6,SM_2axis_cb_v6,false,gov_t1_cb_sauer__1_param,avr_t1_cb_sauer__1_param
9140,plant_cb_v6,SM_2axis_cb_v6,false,gov_t1_cb_sauer__1_param,avr_t1_cb_sauer__1_param
9150,plant_cb_v6,SM_2axis_cb_v6,false,gov_t1_cb_sauer__1_param,avr_t1_cb_sauer__1_param
9174,plant_cb_v6,SM_2axis_cb_v6,false,gov_t1_cb_sauer__1_param,avr_t1_cb_sauer__1_param
9180,plant_cb_v6,SM_2axis_cb_v6,false,gov_t1_cb_sauer__1_param,avr_t1_cb_sauer__1_param
