idx,load_type
1,PQ_Const_P
2,PQ_Const_P
3,PQ_Const_P
4,Trans_t2_Node
5,PQ_Const_P
6,PQ_Const_P
7,Trans_t2_Node
9,PQ_Const_P
11,PQ_Const_P
12,Trans_t2_Node
13,PQ_Const_P
14,PQ_Const_P
15,PQ_Const_P
16,Trans_t2_Node
17,PQ_Const_P
19,Trans_t2_Node
21,PQ_Const_P
22,PQ_Const_P
23,PQ_Const_P
24,Trans_t2_Node
25,PQ_Const_P
26,PQ_Const_P
27,PQ_Const_P
33,PQ_Const_P
34,Trans_t2_Node
35,Trans_t2_Node
36,Trans_t2_Node
37,PQ_Const_P
38,PQ_Const_P
39,Trans_t2_Node
40,PQ_Const_P
41,PQ_Const_P
42,Trans_t2_Node
43,PQ_Const_P
44,PQ_Const_P
45,Trans_t2_Node
46,Trans_t2_Node
47,PQ_Const_P
48,PQ_Const_P
49,PQ_Const_P
51,PQ_Const_P
52,PQ_Const_P
53,PQ_Const_P
54,PQ_Const_P
55,PQ_Const_P
57,PQ_Const_P
58,PQ_Const_P
59,PQ_Const_P
60,Trans_t2_Node
61,PQ_Const_P
62,Trans_t2_Node
64,Trans_t2_Node
69,Trans_t2_Node
70,PQ_Const_P
71,PQ_Const_P
72,PQ_Const_P
73,PQ_Const_P
74,Trans_t2_Node
77,PQ_Const_P
78,Trans_t2_Node
79,PQ_Const_P
80,PQ_Const_P
81,Trans_t2_Node
85,Trans_t2_Node
86,Trans_t2_Node
87,Trans_t2_Node
88,Trans_t2_Node
89,PQ_Const_P
90,PQ_Const_P
94,PQ_Const_P
97,PQ_Const_P
99,PQ_Const_P
100,Trans_t2_Node
102,PQ_Const_P
103,PQ_Const_P
104,PQ_Const_P
105,PQ_Const_P
107,PQ_Const_P
109,PQ_Const_P
110,PQ_Const_P
112,PQ_Const_P
113,PQ_Const_P
114,PQ_Const_P
115,Trans_t2_Node
116,Trans_t2_Node
117,Trans_t2_Node
118,PQ_Const_P
120,PQ_Const_P
121,PQ_Const_P
122,PQ_Const_P
123,PQ_Const_P
126,PQ_Const_P
127,PQ_Const_P
128,Trans_t2_Node
129,Trans_t2_Node
130,Trans_t2_Node
131,Trans_t2_Node
132,Trans_t2_Node
133,Trans_t2_Node
134,Trans_t2_Node
135,PQ_Const_P
136,PQ_Const_P
137,PQ_Const_P
139,PQ_Const_P
140,PQ_Const_P
142,PQ_Const_P
144,Trans_t2_Node
145,PQ_Const_P
148,PQ_Const_P
150,Trans_t2_Node
151,Trans_t2_Node
154,PQ_Const_P
155,PQ_Const_P
157,PQ_Const_P
158,Trans_t2_Node
159,PQ_Const_P
160,Trans_t2_Node
161,PQ_Const_P
162,PQ_Const_P
163,PQ_Const_P
164,Trans_t2_Node
165,Trans_t2_Node
166,Trans_t2_Node
167,PQ_Const_P
168,Trans_t2_Node
169,Trans_t2_Node
172,PQ_Const_P
173,PQ_Const_P
174,Trans_t2_Node
175,PQ_Const_P
178,PQ_Const_P
179,PQ_Const_P
180,PQ_Const_P
181,PQ_Const_P
182,PQ_Const_P
183,PQ_Const_P
184,PQ_Const_P
188,PQ_Const_P
189,PQ_Const_P
192,PQ_Const_P
193,Trans_t2_Node
194,Trans_t2_Node
195,Trans_t2_Node
196,PQ_Const_P
197,PQ_Const_P
199,PQ_Const_P
200,PQ_Const_P
201,PQ_Const_P
202,PQ_Const_P
203,PQ_Const_P
204,PQ_Const_P
205,PQ_Const_P
206,PQ_Const_P
207,PQ_Const_P
208,PQ_Const_P
209,PQ_Const_P
210,Trans_t2_Node
211,PQ_Const_P
212,Trans_t2_Node
214,PQ_Const_P
215,PQ_Const_P
216,PQ_Const_P
217,PQ_Const_P
218,PQ_Const_P
219,Trans_t2_Node
223,PQ_Const_P
224,PQ_Const_P
225,PQ_Const_P
226,Trans_t2_Node
228,PQ_Const_P
229,PQ_Const_P
231,PQ_Const_P
232,PQ_Const_P
234,PQ_Const_P
235,PQ_Const_P
237,Trans_t2_Node
240,Trans_t2_Node
244,Trans_t2_Node
245,PQ_Const_P
246,PQ_Const_P
247,PQ_Const_P
248,PQ_Const_P
249,PQ_Const_P
250,PQ_Const_P
281,PQ_Const_P
319,PQ_Const_P
320,PQ_Const_P
322,PQ_Const_P
323,PQ_Const_P
324,PQ_Const_P
526,PQ_Const_P
528,PQ_Const_P
531,PQ_Const_P
552,PQ_Const_P
562,PQ_Const_P
609,PQ_Const_P
664,PQ_Const_P
1190,PQ_Const_P
1200,PQ_Const_P
1201,Trans_t2_Node
2040,Trans_t2_Node
9001,Trans_t2_Node
9003,PQ_Const_P
9004,PQ_Const_P
9005,Trans_t2_Node
9006,Trans_t2_Node
9007,Trans_t2_Node
9012,Trans_t2_Node
9021,PQ_Const_P
9022,PQ_Const_P
9023,Trans_t2_Node
9024,PQ_Const_P
9025,PQ_Const_P
9026,PQ_Const_P
9031,PQ_Const_P
9032,PQ_Const_P
9033,PQ_Const_P
9034,PQ_Const_P
9035,PQ_Const_P
9036,PQ_Const_P
9037,PQ_Const_P
9038,PQ_Const_P
9041,PQ_Const_P
9042,PQ_Const_P
9043,PQ_Const_P
9044,Trans_t2_Node
9052,PQ_Const_P
9071,PQ_Const_P
9072,PQ_Const_P
9121,PQ_Const_P
9533,PQ_Const_P
